{"cameraMode":{"drawMode":0,"name":"Shaded","section":"Shading Mode"},"sceneLighting":false,"audioPlay":false,"sceneViewState":{"m_AlwaysRefresh":false,"showFog":true,"showSkybox":false,"showFlares":true,"showImageEffects":true,"showParticleSystems":true,"showVisualEffectGraphs":true,"m_FxEnabled":true},"in2DMode":false,"pivot":{"x":8.273481369018555,"y":1.125943660736084,"z":-9.863748550415039},"rotation":{"x":0.056224022060632709,"y":0.9437713623046875,"z":-0.22976702451705934,"w":0.23094092309474946},"size":0.8660283088684082,"orthographic":false}