{"cameraMode":{"drawMode":0,"name":"Shaded","section":"Shading Mode"},"sceneLighting":false,"audioPlay":false,"sceneViewState":{"m_AlwaysRefresh":false,"showFog":true,"showSkybox":false,"showFlares":true,"showImageEffects":true,"showParticleSystems":true,"showVisualEffectGraphs":true,"m_FxEnabled":true},"in2DMode":false,"pivot":{"x":-7.6753058433532719,"y":1.0000019073486329,"z":-5.501319885253906},"rotation":{"x":0.0036951801739633085,"y":0.9941465258598328,"z":-0.036114029586315158,"w":0.10174048691987992},"size":2.5980794429779054,"orthographic":false}