{"cameraMode":{"drawMode":0,"name":"Shaded","section":"Shading Mode"},"sceneLighting":false,"audioPlay":false,"sceneViewState":{"m_AlwaysRefresh":false,"showFog":true,"showSkybox":false,"showFlares":true,"showImageEffects":true,"showParticleSystems":true,"showVisualEffectGraphs":true,"m_FxEnabled":true},"in2DMode":false,"pivot":{"x":-7.656119346618652,"y":1.0452570915222169,"z":-5.538214683532715},"rotation":{"x":0.034019503742456439,"y":0.9565140008926392,"z":-0.12438157200813294,"w":0.2616201937198639},"size":1.1296721696853638,"orthographic":false}