{"cameraMode":{"drawMode":0,"name":"Shaded","section":"Shading Mode"},"sceneLighting":false,"audioPlay":false,"sceneViewState":{"m_AlwaysRefresh":false,"showFog":true,"showSkybox":false,"showFlares":true,"showImageEffects":true,"showParticleSystems":true,"showVisualEffectGraphs":true,"m_FxEnabled":true},"in2DMode":false,"pivot":{"x":1.4836030006408692,"y":2.1028902530670168,"z":0.9776337742805481},"rotation":{"x":0.08485615253448487,"y":-0.6290079355239868,"z":0.06934983283281326,"w":0.7696352601051331},"size":1.2737739086151124,"orthographic":false}