{"cameraMode":{"drawMode":0,"name":"Shaded","section":"Shading Mode"},"sceneLighting":true,"audioPlay":false,"sceneViewState":{"m_AlwaysRefresh":false,"showFog":true,"showSkybox":true,"showFlares":true,"showImageEffects":true,"showParticleSystems":true,"showVisualEffectGraphs":true,"m_FxEnabled":true},"in2DMode":false,"pivot":{"x":-8.516368865966797,"y":1.4580920934677125,"z":3.6725692749023439},"rotation":{"x":-0.002873101271688938,"y":0.9167012572288513,"z":0.006590226665139198,"w":0.3995002806186676},"size":0.07070232182741165,"orthographic":false}