{"cameraMode":{"drawMode":0,"name":"Shaded","section":"Shading Mode"},"sceneLighting":true,"audioPlay":false,"sceneViewState":{"m_AlwaysRefresh":false,"showFog":true,"showSkybox":true,"showFlares":true,"showImageEffects":true,"showParticleSystems":true,"showVisualEffectGraphs":true,"m_FxEnabled":true},"in2DMode":false,"pivot":{"x":-57.20048522949219,"y":4.312054634094238,"z":14.923240661621094},"rotation":{"x":0.16191953420639039,"y":-0.25267288088798525,"z":0.042933329939842227,"w":0.9529308080673218},"size":24.744726181030275,"orthographic":false}