{"cameraMode":{"drawMode":0,"name":"Shaded","section":"Shading Mode"},"sceneLighting":true,"audioPlay":false,"sceneViewState":{"m_AlwaysRefresh":false,"showFog":true,"showSkybox":true,"showFlares":true,"showImageEffects":true,"showParticleSystems":true,"showVisualEffectGraphs":true,"m_FxEnabled":true},"in2DMode":false,"pivot":{"x":-10.297590255737305,"y":1.5406522750854493,"z":3.3316001892089845},"rotation":{"x":0.010302932932972908,"y":-0.9796026349067688,"z":0.1937963366508484,"w":0.05207335948944092},"size":5.001611709594727,"orthographic":false}