{"cameraMode":{"drawMode":0,"name":"Shaded","section":"Shading Mode"},"sceneLighting":true,"audioPlay":false,"sceneViewState":{"m_AlwaysRefresh":false,"showFog":true,"showSkybox":true,"showFlares":true,"showImageEffects":true,"showParticleSystems":true,"showVisualEffectGraphs":true,"m_FxEnabled":true},"in2DMode":false,"pivot":{"x":-43.70088195800781,"y":0.48641538619995119,"z":0.2084173560142517},"rotation":{"x":0.1792544424533844,"y":0.5371385812759399,"z":-0.11803633719682694,"w":0.8157256841659546},"size":1.6726100444793702,"orthographic":false}