{"cameraMode":{"drawMode":0,"name":"Shaded","section":"Shading Mode"},"sceneLighting":true,"audioPlay":false,"sceneViewState":{"m_AlwaysRefresh":false,"showFog":true,"showSkybox":true,"showFlares":true,"showImageEffects":true,"showParticleSystems":true,"showVisualEffectGraphs":true,"m_FxEnabled":true},"in2DMode":false,"pivot":{"x":230.26681518554688,"y":174.43751525878907,"z":-3.6737060546875},"rotation":{"x":0.04377869516611099,"y":0.02728079818189144,"z":-0.0011977578978985549,"w":0.9986544847488403},"size":324.8406677246094,"orthographic":false}